latitude,longitude,brightness,scan,track,acq_date,acq_time,satellite,confidence,version,bright_t31,frp,daynight
43.451,4.905,303,1.9,1.4,2017-04-28,0115,A,53,6.0NRT,277,25.2,N
52.155,10.397,301.9,1.3,1.1,2017-04-28,0110,A,45,6.0NRT,272.4,15,N
52.153,10.416,302.3,1.3,1.1,2017-04-28,0110,A,48,6.0NRT,271.3,15.4,N
42.057,-7.227,324.8,1.4,1.2,2017-04-28,0255,A,100,6.0NRT,274.2,48.1,N
40.534,-8.359,368.1,1.3,1.1,2017-04-28,0255,A,100,6.0NRT,289,173.6,N
40.531,-8.344,362.2,1.3,1.2,2017-04-28,0255,A,100,6.0NRT,290.8,146.3,N
40.528,-8.329,313.6,1.4,1.2,2017-04-28,0255,A,87,6.0NRT,283.3,22.3,N
40.526,-8.377,315.3,1.3,1.1,2017-04-28,0255,A,91,6.0NRT,283.5,24.6,N
40.524,-8.362,409,1.3,1.1,2017-04-28,0255,A,100,6.0NRT,297.9,483.6,N
40.521,-8.347,349.6,1.3,1.2,2017-04-28,0255,A,100,6.0NRT,287.4,98.5,N
40.518,-8.332,309.9,1.4,1.2,2017-04-28,0255,A,77,6.0NRT,282.2,18,N
40.528,-8.368,379.7,1.3,1.1,2017-04-28,0255,A,100,6.0NRT,291.7,237.8,N
40.525,-8.353,389.3,1.3,1.2,2017-04-28,0255,A,100,6.0NRT,301.1,305,N
40.522,-8.338,326,1.4,1.2,2017-04-28,0255,A,100,6.0NRT,286.8,40.4,N
51.691,34.156,311.3,1,1,2017-04-28,0900,T,38,6.0NRT,287.4,6.8,D
51.689,34.171,319.3,1,1,2017-04-28,0900,T,75,6.0NRT,287,13.4,D
51.674,33.907,314.7,1,1,2017-04-28,0900,T,70,6.0NRT,283.7,11.2,D
51.506,34.024,311.9,1,1,2017-04-28,0900,T,49,6.0NRT,288.2,7.8,D
51.504,34.038,320.5,1,1,2017-04-28,0900,T,77,6.0NRT,289.6,14.7,D
51.844,31.174,315.5,1,1,2017-04-28,0900,T,75,6.0NRT,292.8,11.8,D
51.345,34.211,308.5,1,1,2017-04-28,0900,T,48,6.0NRT,290.3,6.4,D
51.671,31.355,343.4,1,1,2017-04-28,0900,T,93,6.0NRT,297.6,44.2,D
51.267,34.001,312.7,1,1,2017-04-28,0900,T,54,6.0NRT,293.2,7,D
51.265,34.015,310.7,1,1,2017-04-28,0900,T,56,6.0NRT,293.6,6.2,D
51.175,34.342,310.3,1,1,2017-04-28,0900,T,45,6.0NRT,287.4,6.7,D
51.084,34.497,331.7,1,1,2017-04-28,0900,T,85,6.0NRT,285.1,29.6,D
51.075,34.493,311.4,1,1,2017-04-28,0900,T,59,6.0NRT,282.5,8.3,D
51.381,31.856,309.4,1,1,2017-04-28,0900,T,64,6.0NRT,278.6,7.9,D
51.008,34.096,314.5,1,1,2017-04-28,0900,T,68,6.0NRT,286.4,9.1,D
51.366,31.363,308.5,1,1,2017-04-28,0900,T,54,6.0NRT,290.2,3.7,D
50.865,33.468,311.5,1,1,2017-04-28,0900,T,56,6.0NRT,291.3,6.6,D
50.54,34.782,324.1,1.1,1,2017-04-28,0900,T,78,6.0NRT,303.2,15.3,D
50.373,33.802,318.3,1,1,2017-04-28,0900,T,57,6.0NRT,302.6,9.2,D
50.35,33.595,314.1,1,1,2017-04-28,0900,T,47,6.0NRT,300.7,5.5,D
49.972,34.37,318.6,1,1,2017-04-28,0900,T,67,6.0NRT,306.8,6.4,D
49.542,34.201,322,1.1,1,2017-04-28,0900,T,68,6.0NRT,306.1,10.8,D
50.035,29.961,319.4,1.1,1,2017-04-28,0900,T,74,6.0NRT,299.4,11,D
50.033,29.975,325.1,1.1,1,2017-04-28,0900,T,80,6.0NRT,299,16.8,D
49.395,33.67,328.9,1,1,2017-04-28,0900,T,80,6.0NRT,307.3,16.8,D
49.386,33.667,325.7,1,1,2017-04-28,0900,T,76,6.0NRT,307.4,13.8,D
49.416,33.132,324.1,1,1,2017-04-28,0900,T,76,6.0NRT,306.2,12.5,D
49.414,33.146,336.6,1,1,2017-04-28,0900,T,87,6.0NRT,306.6,29.2,D
49.318,33.337,318.4,1,1,2017-04-28,0900,T,66,6.0NRT,306.5,5.6,D
49.236,33.73,321.2,1,1,2017-04-28,0900,T,70,6.0NRT,306.5,11.2,D
50.093,26.434,311,1.4,1.2,2017-04-28,0900,T,24,6.0NRT,281.2,12.9,D
48.93,34.817,328.9,1.1,1,2017-04-28,0900,T,79,6.0NRT,307.8,19.7,D
49.637,29.892,320.7,1.1,1,2017-04-28,0900,T,76,6.0NRT,301.5,10.8,D
49.281,32.067,353.5,1,1,2017-04-28,0900,T,97,6.0NRT,303.2,64.2,D
49.279,32.081,339,1,1,2017-04-28,0900,T,90,6.0NRT,302.7,36,D
49.077,32.741,321.2,1,1,2017-04-28,0900,T,74,6.0NRT,298.4,13.8,D
48.852,33.951,313,1.1,1,2017-04-28,0900,T,36,6.0NRT,299.6,6.3,D
48.486,34.978,321,1.1,1.1,2017-04-28,0900,T,47,6.0NRT,302.7,13.6,D
48.745,33.422,319.5,1,1,2017-04-28,0900,T,68,6.0NRT,306,8.3,D
48.807,32.437,317.3,1,1,2017-04-28,0900,T,64,6.0NRT,304.7,8.8,D
48.746,31.604,323.6,1,1,2017-04-28,0900,T,59,6.0NRT,304.3,12.7,D
48.745,31.617,319.5,1,1,2017-04-28,0900,T,63,6.0NRT,304,8.4,D
48.792,29.286,318.7,1.1,1,2017-04-28,0900,T,75,6.0NRT,298.1,13.1,D
48.791,29.3,329.1,1.1,1,2017-04-28,0900,T,84,6.0NRT,296.5,25.2,D
48.305,31.948,316.6,1,1,2017-04-28,0900,T,63,6.0NRT,304.8,5.2,D
48.303,31.961,319.4,1,1,2017-04-28,0900,T,69,6.0NRT,305,7.7,D
48.749,27.997,322.2,1.2,1.1,2017-04-28,0900,T,79,6.0NRT,295.3,18.2,D
48.747,28.013,310.6,1.2,1.1,2017-04-28,0900,T,61,6.0NRT,294.7,5.6,D
47.871,33.394,319.2,1,1,2017-04-28,0900,T,51,6.0NRT,302.9,11.8,D
47.864,33.435,327.5,1.1,1,2017-04-28,0900,T,69,6.0NRT,302,20.4,D
47.629,34.326,317.4,1.1,1.1,2017-04-28,0900,T,56,6.0NRT,301.5,10.1,D
48.075,31.245,314.6,1,1,2017-04-28,0900,T,52,6.0NRT,300.9,6.2,D
48.498,27.147,311,1.2,1.1,2017-04-28,0900,T,56,6.0NRT,288.3,8.5,D
47.424,31.876,315.8,1,1,2017-04-28,0900,T,58,6.0NRT,303.5,5.4,D
47.689,29.002,352.7,1.1,1,2017-04-28,0900,T,0,6.0NRT,302.2,68.8,D
46.637,29.564,318.4,1,1,2017-04-28,0900,T,74,6.0NRT,301.1,11.5,D
42.789,24.741,323.7,1.4,1.2,2017-04-28,0900,T,80,6.0NRT,300.2,26.5,D
40.761,30.649,314.3,1,1,2017-04-28,0900,T,42,6.0NRT,303.7,7.1,D
40.33,28.002,318,1,1,2017-04-28,0900,T,69,6.0NRT,303.4,6.6,D
39.726,30.163,320.1,1,1,2017-04-28,0900,T,69,6.0NRT,306.1,7.8,D
39.389,30.123,314.7,1,1,2017-04-28,0900,T,42,6.0NRT,303.4,4.3,D
38.004,33.356,328.8,1.5,1.2,2017-04-28,0900,T,80,6.0NRT,305.4,31.2,D
38.012,33.352,317.6,1.5,1.2,2017-04-28,0900,T,62,6.0NRT,305.5,9.7,D
38.009,33.368,328.9,1.5,1.2,2017-04-28,0900,T,80,6.0NRT,307.1,31.7,D
38.679,29.228,319.4,1,1,2017-04-28,0900,T,61,6.0NRT,301.1,9.1,D
38.621,29.476,316,1,1,2017-04-28,0900,T,53,6.0NRT,302.7,6.4,D
37.884,30.416,316.9,1.1,1,2017-04-28,0900,T,57,6.0NRT,303.3,8.8,D
37.813,29.254,318.9,1,1,2017-04-28,0900,T,36,6.0NRT,303.3,7.7,D
37.806,29.241,320,1,1,2017-04-28,0900,T,49,6.0NRT,304.8,9.5,D
37.804,29.252,319.4,1,1,2017-04-28,0900,T,46,6.0NRT,303.6,8.8,D
60.196,30.429,301.8,1.4,1.2,2017-04-28,0855,T,0,6.0NRT,284.5,9.3,D
58.772,30.229,304.4,1.3,1.1,2017-04-28,0855,T,32,6.0NRT,282.5,10.4,D
57.259,28.489,305.6,1.4,1.2,2017-04-28,0855,T,18,6.0NRT,279.5,12.2,D
52.912,34.659,308.8,1,1,2017-04-28,0855,T,64,6.0NRT,284.3,8.5,D
52.039,34.608,309.8,1,1,2017-04-28,0855,T,64,6.0NRT,272.7,10.2,D
52.037,34.622,305.1,1,1,2017-04-28,0855,T,45,6.0NRT,273.5,6.8,D
37.911,32.546,322.5,1.3,1.1,2017-04-28,1040,A,26,6.0NRT,308.2,8.2,D
38.262,34.016,320.8,1.1,1.1,2017-04-28,1040,A,35,6.0NRT,308,6,D
38.26,34.003,320.4,1.1,1.1,2017-04-28,1040,A,30,6.0NRT,307.6,6,D
38.673,29.21,312.4,2,1.4,2017-04-28,1040,A,38,6.0NRT,301.1,11.4,D
39.938,32.766,321.8,1.2,1.1,2017-04-28,1040,A,59,6.0NRT,307.2,8.5,D
39.985,32.733,320,1.2,1.1,2017-04-28,1040,A,22,6.0NRT,306.5,6.4,D
40.832,33.216,317.1,1.1,1.1,2017-04-28,1040,A,52,6.0NRT,305.7,5.5,D
45.762,9.062,306.4,1.1,1.1,2017-04-28,1040,T,63,6.0NRT,292.2,6.6,D
45.643,8.843,305.3,1.1,1.1,2017-04-28,1040,T,39,6.0NRT,291.4,4.8,D
45.518,9.078,308.8,1.1,1.1,2017-04-28,1040,T,48,6.0NRT,293.1,6.5,D
45.44,9.044,304.6,1.1,1.1,2017-04-28,1040,T,45,6.0NRT,291.4,5,D
45.561,8.007,301.4,1.1,1,2017-04-28,1040,T,38,6.0NRT,289.3,4.2,D
45.113,7.683,311.6,1.1,1,2017-04-28,1040,T,54,6.0NRT,293.1,7.2,D
44.871,8.807,301.9,1.1,1.1,2017-04-28,1040,T,37,6.0NRT,290.3,4.1,D
44.862,8.803,302,1.1,1.1,2017-04-28,1040,T,35,6.0NRT,290.5,4.5,D
44.993,7.5,307.3,1,1,2017-04-28,1040,T,62,6.0NRT,294.6,5.8,D
44.991,7.513,306.5,1,1,2017-04-28,1040,T,53,6.0NRT,293.4,5.4,D
44.694,7.84,303.5,1.1,1,2017-04-28,1040,T,52,6.0NRT,292.6,4.5,D
43.448,4.903,314.4,1,1,2017-04-28,1040,T,70,6.0NRT,294.2,10.3,D
41.779,-7.197,301.7,3.4,1.7,2017-04-28,1040,T,47,6.0NRT,290.8,21.3,D
41.69,-8.23,304.9,3.9,1.8,2017-04-28,1040,T,44,6.0NRT,290.7,43.6,D
47.639,34.926,322.2,1,1,2017-04-28,1045,A,58,6.0NRT,307.5,11.7,D
47.869,33.388,318.9,1,1,2017-04-28,1045,A,52,6.0NRT,306.2,8,D
47.842,29.661,322.4,1.2,1.1,2017-04-28,1045,A,78,6.0NRT,301.4,18.3,D
48.303,31.955,320.6,1,1,2017-04-28,1045,A,70,6.0NRT,307.6,8.1,D
48.743,33.408,321.8,1,1,2017-04-28,1045,A,69,6.0NRT,306.7,8.6,D
48.169,28.992,330.4,1.2,1.1,2017-04-28,1045,A,85,6.0NRT,295.5,34,D
48.166,28.976,315.3,1.2,1.1,2017-04-28,1045,A,68,6.0NRT,293.6,12.9,D
49.316,33.338,339,1,1,2017-04-28,1045,A,88,6.0NRT,310.4,29.5,D
49.314,33.324,332.8,1,1,2017-04-28,1045,A,83,6.0NRT,310.2,20.6,D
49.391,33.678,351.1,1,1,2017-04-28,1045,A,95,6.0NRT,310.8,53,D
49.389,33.665,341.7,1,1,2017-04-28,1045,A,90,6.0NRT,310.2,34.4,D
49.399,33.675,341.4,1,1,2017-04-28,1045,A,90,6.0NRT,310,34.1,D
49.398,33.662,331.6,1,1,2017-04-28,1045,A,82,6.0NRT,309.3,19,D
49.412,33.7,319.1,1,1,2017-04-28,1045,A,48,6.0NRT,307.7,5.7,D
48.791,29.304,314.1,1.2,1.1,2017-04-28,1045,A,58,6.0NRT,300.1,8.4,D
49.009,29.416,316.1,1.1,1.1,2017-04-28,1045,A,70,6.0NRT,296.4,11.1,D
49.403,30.96,312.3,1,1,2017-04-28,1045,A,60,6.0NRT,296.8,6.7,D
49.972,34.363,321.4,1,1,2017-04-28,1045,A,70,6.0NRT,307.3,7.3,D
49.26,29.494,313.9,1.1,1.1,2017-04-28,1045,A,59,6.0NRT,299.5,8,D
50.222,33.129,322.3,1,1,2017-04-28,1045,A,75,6.0NRT,305.4,8.8,D
50.232,33.135,325.4,1,1,2017-04-28,1045,A,79,6.0NRT,306.2,13.7,D
50.123,30.503,319.1,1,1,2017-04-28,1045,A,73,6.0NRT,296.7,11.6,D
50.91,34.414,308.2,1.1,1,2017-04-28,1045,A,42,6.0NRT,287.2,3.4,D
51.006,34.095,316.7,1,1,2017-04-28,1045,A,73,6.0NRT,298.8,6.9,D
50.593,30.467,308.2,1,1,2017-04-28,1045,A,27,6.0NRT,294.7,4.2,D
51.202,34.034,303.4,1,1,2017-04-28,1045,A,29,6.0NRT,279.5,5.1,D
51.272,34.367,323.3,1.1,1,2017-04-28,1045,A,80,6.0NRT,294.8,15.2,D
51.27,34.352,349.2,1.1,1,2017-04-28,1045,A,95,6.0NRT,296.9,58.9,D
51.686,34.897,313.8,1.1,1,2017-04-28,1045,A,59,6.0NRT,292.4,12.1,D
51.386,31.857,326.2,1,1,2017-04-28,1045,A,78,6.0NRT,302.1,17.5,D
51.384,31.843,332.4,1,1,2017-04-28,1045,A,82,6.0NRT,298.1,25.8,D
51.789,34.306,302.7,1.1,1,2017-04-28,1045,A,23,6.0NRT,278.4,5.3,D
51.798,34.303,307.7,1.1,1,2017-04-28,1045,A,63,6.0NRT,278.9,9,D
51.796,34.287,302.8,1.1,1,2017-04-28,1045,A,40,6.0NRT,276.8,5.7,D
52.041,33.167,311.2,1,1,2017-04-28,1045,A,61,6.0NRT,293.3,7.3,D
51.843,31.179,319.1,1,1,2017-04-28,1045,A,76,6.0NRT,294.4,12.6,D
51.841,31.165,318.2,1,1,2017-04-28,1045,A,73,6.0NRT,294.5,11.7,D
52.215,33.295,304.7,1,1,2017-04-28,1045,A,56,6.0NRT,288,6.3,D
52.27,33.651,315,1,1,2017-04-28,1045,A,75,6.0NRT,292.9,11,D
52.39,33.652,312.4,1,1,2017-04-28,1045,A,72,6.0NRT,296.1,8.6,D
52.743,34.674,303.5,1.1,1.1,2017-04-28,1045,A,48,6.0NRT,285.8,4.7,D
52.559,33.103,315.3,1,1,2017-04-28,1045,A,53,6.0NRT,290.2,9.5,D
52.558,33.088,354.6,1,1,2017-04-28,1045,A,98,6.0NRT,294.9,71.5,D
52.566,33.085,321.4,1,1,2017-04-28,1045,A,81,6.0NRT,290.2,15.3,D
52.894,34.688,307,1.1,1.1,2017-04-28,1045,A,50,6.0NRT,288.5,5.1,D
58.782,30.269,307.6,1,1,2017-04-28,1045,A,54,6.0NRT,283.3,10.1,D
59.697,29.498,318.8,1,1,2017-04-28,1045,A,61,6.0NRT,286,17.7,D
59.706,29.493,311.5,1,1,2017-04-28,1045,A,36,6.0NRT,287.1,10.3,D
38.27,15.535,313.3,1.2,1.1,2017-04-28,1220,A,67,6.0NRT,294.5,10.6,D
39.784,21.053,307.5,2.6,1.6,2017-04-28,1220,A,46,6.0NRT,292.1,19.5,D
43.443,4.902,307.7,1.4,1.2,2017-04-28,1220,A,0,6.0NRT,294.6,10.9,D
44.864,8.805,306.2,1,1,2017-04-28,1220,A,62,6.0NRT,289.1,5.9,D
45.144,9.945,308.8,1,1,2017-04-28,1220,A,68,6.0NRT,295.7,6.7,D
45.085,9.283,303.1,1,1,2017-04-28,1220,A,43,6.0NRT,292.4,3.5,D
45.039,7.573,309.4,1.1,1,2017-04-28,1220,A,37,6.0NRT,296.7,5.2,D
45.064,7.551,311.3,1.1,1,2017-04-28,1220,A,32,6.0NRT,297.5,7.2,D
49.504,5.952,320.6,1.1,1,2017-04-28,1220,A,63,6.0NRT,287.2,18.4,D
41.677,-7.339,306.8,3.8,1.8,2017-04-28,1220,T,62,6.0NRT,293.1,42,D
41.682,-8.219,302.9,3.4,1.7,2017-04-28,1220,T,43,6.0NRT,291.8,27.9,D
51.173,3.805,307.7,1.1,1.1,2017-04-28,1225,A,47,6.0NRT,282.5,9.1,D
51.04,2.292,316.3,1.3,1.1,2017-04-28,1225,A,0,6.0NRT,292,14.4,D
40.524,-8.353,316.1,1.4,1.2,2017-04-28,1400,A,50,6.0NRT,304,14.2,D
40.68,-7.293,314.7,1.6,1.3,2017-04-28,1400,A,70,6.0NRT,300.2,13.8,D
41.279,-7.91,319.6,1.5,1.2,2017-04-28,1400,A,72,6.0NRT,298.6,27.8,D
41.277,-7.928,311.8,1.5,1.2,2017-04-28,1400,A,45,6.0NRT,298.1,14.8,D
41.281,-7.917,323.4,1.5,1.2,2017-04-28,1400,A,68,6.0NRT,298.6,31.7,D
41.329,-8.7,314.6,1.4,1.2,2017-04-28,1400,A,64,6.0NRT,301.9,10.7,D
41.649,-7.957,317,1.5,1.2,2017-04-28,1400,A,70,6.0NRT,298.4,19.9,D
41.648,-7.976,311.8,1.5,1.2,2017-04-28,1400,A,50,6.0NRT,297.7,12,D
41.651,-7.965,321.7,1.5,1.2,2017-04-28,1400,A,76,6.0NRT,298.8,29.6,D
41.774,-7.724,390.5,1.6,1.2,2017-04-28,1400,A,100,6.0NRT,303.8,389.1,D
41.773,-7.743,335.7,1.6,1.2,2017-04-28,1400,A,76,6.0NRT,298.1,63.3,D
41.867,-7.193,312.9,1.7,1.3,2017-04-28,1400,A,64,6.0NRT,298.4,16.3,D
36.932,30.649,300.9,1,1,2017-04-28,2005,T,36,6.0NRT,287.8,5.1,N
41.194,32.613,300.7,1.3,1.1,2017-04-28,2005,T,32,6.0NRT,285.2,9.3,N
48.165,30.622,303.7,1.3,1.1,2017-04-28,2010,T,56,6.0NRT,272.3,14.4,N
43.446,4.902,304.6,1.1,1,2017-04-28,2145,T,61,6.0NRT,280.9,10.6,N
41.312,34.5,306.4,2.2,1.4,2017-04-29,0020,A,68,6.0NRT,277.6,35.9,N
53.138,8.685,301,1.1,1,2017-04-29,0155,A,36,6.0NRT,275,10.7,N
52.157,10.414,305,1.3,1.1,2017-04-29,0155,A,62,6.0NRT,277.6,16,N
51.485,6.72,325.4,1,1,2017-04-29,0155,A,100,6.0NRT,277.2,28.1,N
51.365,6.71,300,1,1,2017-04-29,0155,A,12,6.0NRT,276.4,8.9,N
51.178,3.813,300.6,1,1,2017-04-29,0155,A,30,6.0NRT,278.9,8.2,N
51.167,3.824,312.3,1,1,2017-04-29,0155,A,84,6.0NRT,276.5,15.8,N
43.453,4.905,300.1,1.1,1.1,2017-04-29,0155,A,11,6.0NRT,277.1,8.6,N
43.444,4.902,304.2,1.1,1.1,2017-04-29,0155,A,35,6.0NRT,278.9,11.2,N
53.948,34.916,323.1,2.8,1.6,2017-04-29,0800,T,78,6.0NRT,289.5,86.6,D
53.236,33.427,310.9,3.2,1.7,2017-04-29,0800,T,62,6.0NRT,291,45.3,D
53.225,33.419,306.6,3.2,1.7,2017-04-29,0800,T,40,6.0NRT,291.7,28.8,D
52.509,34.42,326.9,2.9,1.6,2017-04-29,0800,T,81,6.0NRT,295.5,105.4,D
52.508,34.412,323.9,2.9,1.6,2017-04-29,0800,T,79,6.0NRT,295.8,89.5,D
52.507,34.455,310.6,2.9,1.6,2017-04-29,0800,T,56,6.0NRT,294.9,32,D
52.097,33.871,309.7,3,1.7,2017-04-29,0800,T,41,6.0NRT,296.4,25.1,D
52.098,33.865,310.5,3,1.7,2017-04-29,0800,T,27,6.0NRT,296.5,27.6,D
51.316,33.706,309.2,3,1.7,2017-04-29,0800,T,22,6.0NRT,295.8,23.3,D
48.146,34.384,317.1,2.6,1.6,2017-04-29,0805,T,64,6.0NRT,302,32.8,D
48.134,34.347,319.9,2.7,1.6,2017-04-29,0805,T,71,6.0NRT,299.8,43.9,D
48.132,34.383,331,2.6,1.6,2017-04-29,0805,T,83,6.0NRT,301.4,94.5,D
48.144,34.342,316.2,2.7,1.6,2017-04-29,0805,T,46,6.0NRT,300.7,29.9,D
48.142,34.378,334.3,2.6,1.6,2017-04-29,0805,T,86,6.0NRT,302.5,112.8,D
46.723,33.246,312.9,3,1.6,2017-04-29,0805,T,36,6.0NRT,299.8,28.3,D
46.723,33.241,311.3,3,1.6,2017-04-29,0805,T,38,6.0NRT,299.7,23.8,D
41.588,12.632,311.4,1.5,1.2,2017-04-29,0945,T,71,6.0NRT,295.8,14.6,D
53.945,34.912,319.6,2.3,1.5,2017-04-29,0940,T,77,6.0NRT,296.7,44.4,D
53.937,34.944,308.5,2.3,1.5,2017-04-29,0940,T,16,6.0NRT,295.9,15.4,D
53.233,33.447,306.3,2.1,1.4,2017-04-29,0940,T,36,6.0NRT,283,19.1,D
53.001,34.315,307.7,2.3,1.5,2017-04-29,0940,T,44,6.0NRT,293.2,15.9,D
52.138,34.231,319.4,2.4,1.5,2017-04-29,0940,T,75,6.0NRT,300,40.8,D
52.131,34.221,312.6,2.4,1.5,2017-04-29,0940,T,34,6.0NRT,299,17.5,D
52.026,33.245,309.4,2.2,1.4,2017-04-29,0940,T,53,6.0NRT,294.4,16.4,D
52.018,33.276,320.8,2.2,1.4,2017-04-29,0940,T,77,6.0NRT,292.3,47.2,D
51.851,33.708,319.6,2.4,1.5,2017-04-29,0940,T,66,6.0NRT,293.8,47.4,D
51.843,33.698,324,2.4,1.5,2017-04-29,0940,T,69,6.0NRT,295.4,66.3,D
51.873,33.353,313,2.3,1.5,2017-04-29,0940,T,65,6.0NRT,293.4,24.3,D
49.683,32.7,322.3,2.5,1.5,2017-04-29,0940,T,76,6.0NRT,297.9,53.4,D
49.675,32.732,323.9,2.5,1.5,2017-04-29,0940,T,78,6.0NRT,300.4,62.2,D
49.67,32.722,326.4,2.5,1.5,2017-04-29,0940,T,68,6.0NRT,299.4,65.6,D
49.756,31.184,346.4,2.1,1.4,2017-04-29,0940,T,90,6.0NRT,293.4,142.3,D
49.75,31.212,347.9,2.1,1.4,2017-04-29,0940,T,94,6.0NRT,294,150.4,D
49.744,31.178,338.3,2.1,1.4,2017-04-29,0940,T,70,6.0NRT,291,99.8,D
49.738,31.205,342.2,2.1,1.4,2017-04-29,0940,T,91,6.0NRT,291.8,118.3,D
49.756,31.179,336.1,2.1,1.4,2017-04-29,0940,T,66,6.0NRT,293,89.3,D
49.75,31.207,357.3,2.1,1.4,2017-04-29,0940,T,98,6.0NRT,294.4,213.5,D
49.738,31.2,340,2.1,1.4,2017-04-29,0940,T,90,6.0NRT,291.3,109.7,D
48.71,31.83,322.8,2.4,1.5,2017-04-29,0940,T,76,6.0NRT,302.6,47,D
48.716,31.827,321.5,2.4,1.5,2017-04-29,0940,T,74,6.0NRT,301.8,45.4,D
49.147,29.626,324.6,1.9,1.3,2017-04-29,0940,T,79,6.0NRT,299.6,37.9,D
49.154,29.624,324.5,1.9,1.3,2017-04-29,0940,T,79,6.0NRT,298.6,40.7,D
49.148,28.941,320.1,1.7,1.3,2017-04-29,0940,T,74,6.0NRT,301.7,17.7,D
48.269,14.328,302.2,1.5,1.2,2017-04-29,0940,T,25,6.0NRT,283.6,7.3,D
36.499,33.199,320.3,1.9,1.3,2017-04-29,1125,A,69,6.0NRT,305.1,20.3,D
35.39,23.856,316.3,1.2,1.1,2017-04-29,1125,A,66,6.0NRT,297.4,12.3,D
35.388,23.843,329.5,1.2,1.1,2017-04-29,1125,A,82,6.0NRT,298.5,29.5,D
36.931,30.652,321.5,1.3,1.1,2017-04-29,1125,A,61,6.0NRT,307.7,12.6,D
36.929,30.637,320.5,1.3,1.1,2017-04-29,1125,A,48,6.0NRT,307.8,12,D
40.346,33.805,323.2,2.3,1.5,2017-04-29,1125,A,63,6.0NRT,312.2,21.4,D
40.342,33.801,325.1,2.3,1.5,2017-04-29,1125,A,75,6.0NRT,312.7,27.7,D
40.445,27.14,313.7,1.1,1,2017-04-29,1125,A,29,6.0NRT,298.9,6,D
48.667,28.647,312.4,1.5,1.2,2017-04-29,1125,A,49,6.0NRT,294.2,10.3,D
49.093,29.83,314.8,1.7,1.3,2017-04-29,1125,A,47,6.0NRT,295.5,10.3,D
49.091,29.806,317.4,1.7,1.3,2017-04-29,1125,A,64,6.0NRT,296.7,15.5,D
49.675,32.725,319.9,2.5,1.5,2017-04-29,1125,A,69,6.0NRT,301,41.6,D
49.674,32.69,318.9,2.5,1.5,2017-04-29,1125,A,54,6.0NRT,298.4,33.5,D
49.741,31.187,349.5,2.1,1.4,2017-04-29,1125,A,95,6.0NRT,294.2,152.7,D
49.859,31.017,325.2,2,1.4,2017-04-29,1125,A,77,6.0NRT,301.2,36.5,D
51.849,33.683,313.1,2.9,1.6,2017-04-29,1125,A,64,6.0NRT,290.3,38.8,D
52.094,33.855,309.1,3,1.6,2017-04-29,1125,A,52,6.0NRT,288,29.2,D
53.019,34.031,314.3,3.1,1.7,2017-04-29,1125,A,70,6.0NRT,291.7,45.6,D
53.146,33.833,323.4,3,1.6,2017-04-29,1125,A,80,6.0NRT,295.8,80.9,D
53.145,33.787,309.8,3,1.6,2017-04-29,1125,A,34,6.0NRT,294,22.6,D
53.146,33.824,324.8,3,1.6,2017-04-29,1125,A,81,6.0NRT,295.8,86.7,D
49.667,32.685,310.5,3.3,1.7,2017-04-29,0950,A,29,6.0NRT,295.4,28,D
49.675,32.726,310.6,3.3,1.7,2017-04-29,0950,A,35,6.0NRT,297.6,30.4,D
50.132,34.15,313.7,2.7,1.6,2017-04-29,0950,A,31,6.0NRT,300.9,29.8,D
49.733,31.189,316,3.9,1.8,2017-04-29,0950,A,65,6.0NRT,295.2,61.5,D
49.738,31.177,318.6,3.9,1.8,2017-04-29,0950,A,70,6.0NRT,295.5,77.9,D
51.024,31.9,309.7,3.2,1.7,2017-04-29,0950,A,30,6.0NRT,291.3,23.5,D
51.847,33.676,318.6,2.5,1.5,2017-04-29,0950,A,72,6.0NRT,293.7,48.1,D
51.87,33.331,310.1,2.6,1.5,2017-04-29,0950,A,52,6.0NRT,295.8,19.8,D
52.088,33.851,310.8,2.4,1.5,2017-04-29,0950,A,52,6.0NRT,298.8,19.9,D
52.017,33.258,318.2,2.6,1.5,2017-04-29,0950,A,72,6.0NRT,293.1,49.8,D
52.488,34.84,318.7,2.1,1.4,2017-04-29,0950,A,52,6.0NRT,301.4,26,D
52.488,34.833,317.7,2.1,1.4,2017-04-29,0950,A,56,6.0NRT,301.1,27.6,D
53.938,34.907,318.7,1.9,1.3,2017-04-29,0950,A,77,6.0NRT,299,33,D
53.931,34.88,326.1,1.9,1.3,2017-04-29,0950,A,83,6.0NRT,297.6,52.1,D
53.941,34.9,314.8,1.9,1.3,2017-04-29,0950,A,52,6.0NRT,298.2,22.2,D
53.935,34.873,318.1,1.9,1.3,2017-04-29,0950,A,60,6.0NRT,296.9,28.8,D
54.072,34.927,310.6,1.9,1.3,2017-04-29,0950,A,66,6.0NRT,297.3,17.1,D
46.801,4.431,300.7,2.1,1.4,2017-04-29,1120,T,27,6.0NRT,290.1,9.8,D
47.387,0.763,301,1.3,1.1,2017-04-29,1120,T,14,6.0NRT,289.4,3.4,D
45.213,-0.895,316.7,1.2,1.1,2017-04-29,1120,T,42,6.0NRT,303.9,13,D
43.442,4.896,307.9,2.7,1.6,2017-04-29,1120,T,0,6.0NRT,296,27,D
43.559,-5.903,314.6,1,1,2017-04-29,1120,T,57,6.0NRT,301.9,7.4,D
43.539,-5.832,317.2,1,1,2017-04-29,1120,T,75,6.0NRT,301.4,11.2,D
43.55,-8.232,311.6,1.1,1,2017-04-29,1120,T,65,6.0NRT,296.9,7.1,D
43.547,-8.253,308.5,1.1,1,2017-04-29,1120,T,48,6.0NRT,296.4,6,D
43.546,-8.24,355.3,1.1,1,2017-04-29,1120,T,74,6.0NRT,298.4,80.9,D
42.038,-6.566,335.1,1.7,1.3,2017-04-29,1305,A,0,6.0NRT,288.4,68.7,D
42.04,-6.55,351.7,1.7,1.3,2017-04-29,1305,A,63,6.0NRT,288.6,133.9,D
41.947,-8.589,318.7,2.2,1.4,2017-04-29,1305,A,77,6.0NRT,295.1,45.8,D
42.676,-7.911,306.4,1.9,1.3,2017-04-29,1305,A,54,6.0NRT,286.1,17.7,D
42.671,-7.934,304.2,1.9,1.3,2017-04-29,1305,A,40,6.0NRT,285.4,14.6,D
45.213,-0.893,319.9,1,1,2017-04-29,1305,A,32,6.0NRT,308,10.4,D
49.246,6.839,313.9,2.1,1.4,2017-04-29,1305,A,33,6.0NRT,289.5,30.5,D
